"Id";"Designator";"Package";"Quantity";"Designation";"Supplier and ref";
1;"FID?,FID?,FID?,FID?,FID?,FID?";"Fiducial_1mm_Mask2mm";6;"";;;
2;"FID?,FID?,FID?,FID?,FID?,FID?";"Fiducial_1mm_Mask2mm";6;"Fiducial_1mm_Mask2mm";;;
3;",,,";"MountingHole_2.1mm";4;"";;;
4;",,,,,,,,,,,,,,,,,,,,,,,,,,,,,,,,,,,,,,,,,,,,,,,,,,,,,,,,,,,,,,,,,,,,,,,,,,,,,,,,,,,,,,,,,,,,,,,,,,,,,,,,,,,,,,,,,,,,,,,,,,,,,,,,,,,,,,,,,,,,,,,,,,,,,,,,,,,,,,,,,,,,,,,,,,,,,";"MountingHole_2.1mm";174;"MountingHole_2.1mm";;;
5;"R124,R123,R122,R121,R120,R119,R118,R117,R116,R115,R114,R113";"R_0603_1608Metric_Pad1.05x0.95mm_HandSolder";12;"0";;;
6;"R63,R76,R75,R74,R73,R68,R67,R66,R65,R64,R62,R61,R60,R59,R58,R57,R56,R55,R54,R53,R52,R51,R28,R27,R26,R25,R20,R19,R18,R17,R16,R15,R14,R13,R12,R11,R10,R9,R8,R7,R6,R5,R4,R3";"R_0603_1608Metric_Pad1.05x0.95mm_HandSolder";44;"10k";;;
7;"U3,U1";"TQFP-48_7x7mm_P0.5mm";2;"CY8C4525AZI-483";;;
8;"D27,D28,D22,D21,D16,D15,D10,D9";"D_SOD-323";8;"33v Zener";;;
9;"SW2,SW4,SW3,SW1";"PTS645-V";4;"SW_NO";;;
10;"C7,C60,C58,C29,C28,C27,C23,C9,C8,C3";"C_0805_2012Metric_Pad1.15x1.40mm_HandSolder";10;"1uF";;;
11;"C33,C39,C36,C34,C32,C31,C19,C16,C14,C13,C11";"C_0603_1608Metric_Pad1.05x0.95mm_HandSolder";11;"1000pF";;;
12;"R111,R109,R105,R103,R99,R97,R93,R91";"R_0603_1608Metric_Pad1.05x0.95mm_HandSolder";8;"27k";;;
13;"C40,C46,C42,C20";"CP_Elec_10x10";4;"100uF";;;
14;"J3,J43,J23";"PinHeader_2x04_P2.54mm_Vertical";3;"Conn_02x04_Counter_Clockwise";;;
15;"J4";"PinHeader_2x02_P2.54mm_Vertical";1;"Conn_02x02_Counter_Clockwise";;;
16;"J42,J41";"PinHeader_1x03_P2.54mm_Vertical";2;"Conn_01x03";;;
17;"R88,R87,R48,R44,R40,R47,R43,R39";"R_0603_1608Metric_Pad1.05x0.95mm_HandSolder";8;"130";;;
18;"R78,R30,R112,R110,R106,R104,R100,R98,R94,R92,R83";"R_0603_1608Metric_Pad1.05x0.95mm_HandSolder";11;"20k";;;
19;"R24,R23,R84,R77,R72,R71,R70,R69,R50,R49,R36,R29,R22,R21,R2,R1";"R_0603_1608Metric_Pad1.05x0.95mm_HandSolder";16;"1k";;;
20;"C12";"R_0603_1608Metric_Pad1.05x0.95mm_HandSolder";1;"1000pF";;;
21;"U5";"TO-263-3_TabPin2";1;"LM7805_TO220";;;
22;"U4,U2";"SOP-24_7.5x15.4mm_P1.27mm";2;"MTS62C19A";;;
23;"R108,R107,R102,R101,R96,R95,R90,R89";"R_0603_1608Metric_Pad1.05x0.95mm_HandSolder";8;"3.5k";;;
24;"R86,R85,R46,R45,R42,R41,R38,R37";"R_0603_1608Metric_Pad1.05x0.95mm_HandSolder";8;"100k";;;
25;"R82,R81,R80,R79,R34,R33,R32,R31";"R_0805_2012Metric_Pad1.15x1.40mm_HandSolder";8;"1.02";;;
26;"R35";"R_0603_1608Metric_Pad1.05x0.95mm_HandSolder";1;"50k";;;
27;"Q8,Q7,Q6,Q5,Q4,Q3,Q2,Q1";"SOT-23";8;"MOS";;;
28;"J40,J39,J38,J37,J36,J35,J34,J33,J32,J31,J30,J29,J28,J27,J26,J25,J21,J20,J19,J18,J17,J16,J15,J14,J13,J12,J11,J10,J9,J8,J7,J6,J5,J1";"PinHeader_1x02_P2.54mm_Vertical";34;"Conn_01x02";;;
29;"J24";"PinHeader_2x06_P2.54mm_Vertical";1;"Conn_02x06_Counter_Clockwise";;;
30;"J22,J2";"PinHeader_1x05_P2.54mm_Vertical";2;"Conn_01x05";;;
31;"D29";"D_SOD-123";1;"D_Small";;;
32;"D26,D25,D20,D19,D14,D13,D8,D7";"D_SOD-123";8;"Fast Response Power Diode";;;
33;"D24,D23,D18,D17,D12,D11,D6,D5";"C_0603_1608Metric_Pad1.05x0.95mm_HandSolder";8;"Green";;;
34;"D4,D3,D2,D1";"D_0603_1608Metric_Pad1.05x0.95mm_HandSolder";4;"LED_Small";;;
35;"C59,C57,C56,C55,C52,C51,C48,C47,C44,C43,C38,C37,C35,C30,C26,C25,C24,C22,C21,C18,C17,C15,C10,C6,C5,C4,C2,C1";"C_0603_1608Metric_Pad1.05x0.95mm_HandSolder";28;"0.1uF";;;
